{
  "parent": "minecraft:item/generated",
  "textures": { "layer0": "minecraft:item/blaze_powder" },
  "overrides": [
    {
      "predicate": { "custom_model_data": 1 },
      "model": "civilization:item/wearable/wings/ender_dragon_wings"
    },
    {
      "predicate": { "custom_model_data": 2 },
      "model": "civilization:item/wearable/wings/golden_wings"
    },
    {
      "predicate": { "custom_model_data": 3 },
      "model": "civilization:item/wearable/wings/spiderweb_wings"
    },
    {
      "predicate": { "custom_model_data": 4 },
      "model": "civilization:item/wearable/wings/autumn_wings"
    },
    {
      "predicate": { "custom_model_data": 5 },
      "model": "civilization:item/wearable/wings/pastel_wings"
    },
    { "predicate": { "custom_model_data": 6 }, "model": "item/blaze_powder" }
  ]
}
