{"overrides":[{"predicate":{"custom_model_data":1},"model":"modelengine:golem_prismarine_gm_rain/right_arm"},{"predicate":{"custom_model_data":2},"model":"modelengine:golem_prismarine_gm_rain/left_forearm"},{"predicate":{"custom_model_data":3},"model":"modelengine:golem_stoneblack_gm_rain/left_forearm"},{"predicate":{"custom_model_data":4},"model":"modelengine:golem_stoneblack_gm_rain/waist"},{"predicate":{"custom_model_data":5},"model":"modelengine:golem_stonesand_gm_rain/waist"},{"predicate":{"custom_model_data":6},"model":"modelengine:golem_stoneblack_gm_rain/right_arm"},{"predicate":{"custom_model_data":7},"model":"modelengine:golem_prismarine_gm_rain/head"},{"predicate":{"custom_model_data":8},"model":"modelengine:golem_prismarine_gm_rain/right_leg"},{"predicate":{"custom_model_data":9},"model":"modelengine:golem_stoneblack_gm_rain/left_leg"},{"predicate":{"custom_model_data":10},"model":"modelengine:golem_stoneblack_gm_rain/head"},{"predicate":{"custom_model_data":11},"model":"modelengine:golem_prismarine_gm_rain/waist"},{"predicate":{"custom_model_data":12},"model":"modelengine:golem_prismarine_gm_rain/left_arm"},{"predicate":{"custom_model_data":13},"model":"modelengine:golem_stoneblack_gm_rain/right_forearm"},{"predicate":{"custom_model_data":14},"model":"modelengine:golem_prismarine_gm_rain/left_leg"},{"predicate":{"custom_model_data":15},"model":"modelengine:golem_prismarine_gm_rain/right_forearm"},{"predicate":{"custom_model_data":16},"model":"modelengine:golem_stonesand_gm_rain/left_leg"},{"predicate":{"custom_model_data":17},"model":"modelengine:golem_stoneblack_gm_rain/right_leg"},{"predicate":{"custom_model_data":18},"model":"modelengine:golem_stoneblack_gm_rain/left_arm"},{"predicate":{"custom_model_data":19},"model":"modelengine:golem_stonesand_gm_rain/right_leg"},{"predicate":{"custom_model_data":20},"model":"modelengine:golem_stonesand_gm_rain/left_arm"},{"predicate":{"custom_model_data":21},"model":"modelengine:golem_stonesand_gm_rain/head"},{"predicate":{"custom_model_data":22},"model":"modelengine:golem_stonesand_gm_rain/right_arm"},{"predicate":{"custom_model_data":23},"model":"modelengine:golem_stonesand_gm_rain/left_forearm"},{"predicate":{"custom_model_data":24},"model":"modelengine:golem_stonesand_gm_rain/right_forearm"},{"predicate":{"custom_model_data":25},"model":"modelengine:capybara_rare_dark/head"},{"predicate":{"custom_model_data":26},"model":"modelengine:capybara_rare_dark/theupperrightleg"},{"predicate":{"custom_model_data":27},"model":"modelengine:capybara_rare_dark/theleftleg"},{"predicate":{"custom_model_data":28},"model":"modelengine:capybara_rare_dark/therightleg"},{"predicate":{"custom_model_data":29},"model":"modelengine:capybara_rare_dark/theleftleg2"},{"predicate":{"custom_model_data":30},"model":"modelengine:capybara_rare_dark/thefrontbody"},{"predicate":{"custom_model_data":31},"model":"modelengine:swamp_ent/thelowerrightleg"},{"predicate":{"custom_model_data":32},"model":"modelengine:swamp_ent/therightarm"},{"predicate":{"custom_model_data":33},"model":"modelengine:swamp_ent/theleftarm"},{"predicate":{"custom_model_data":34},"model":"modelengine:redaliveshroom/therightarm"},{"predicate":{"custom_model_data":35},"model":"modelengine:redaliveshroom/theleftarm"},{"predicate":{"custom_model_data":36},"model":"modelengine:crocodile/thebody"},{"predicate":{"custom_model_data":37},"model":"modelengine:swamp_ent/thelowerrightarm"},{"predicate":{"custom_model_data":38},"model":"modelengine:swamp_ent/thelowerleftarm"},{"predicate":{"custom_model_data":48},"model":"modelengine:ninja_skeleton/head"},{"predicate":{"custom_model_data":49},"model":"modelengine:ninja_skeleton/leftleg"},{"predicate":{"custom_model_data":50},"model":"modelengine:ninja_skeleton/rightleg"},{"predicate":{"custom_model_data":51},"model":"modelengine:ninja_skeleton/body"},{"predicate":{"custom_model_data":52},"model":"modelengine:crocodile/thetail2"},{"predicate":{"custom_model_data":53},"model":"modelengine:crocodile/thehead"},{"predicate":{"custom_model_data":54},"model":"modelengine:crocodile/thetail1"},{"predicate":{"custom_model_data":55},"model":"modelengine:crocodile/therightleg2"},{"predicate":{"custom_model_data":56},"model":"modelengine:crocodile/therightleg1"},{"predicate":{"custom_model_data":57},"model":"modelengine:crocodile/theleftleg2"},{"predicate":{"custom_model_data":58},"model":"modelengine:crocodile/theleftleg1"},{"predicate":{"custom_model_data":59},"model":"modelengine:crocodile/themouthbase"},{"predicate":{"custom_model_data":60},"model":"modelengine:crocodile/thelowermouth"},{"predicate":{"custom_model_data":61},"model":"modelengine:crocodile/theuppermouth"},{"predicate":{"custom_model_data":62},"model":"modelengine:capybara_rare_white/theleftthigh"},{"predicate":{"custom_model_data":63},"model":"modelengine:capybara_rare_white/theneck"},{"predicate":{"custom_model_data":64},"model":"modelengine:capybara_rare_dark/thebackbody"},{"predicate":{"custom_model_data":65},"model":"modelengine:capybara_rare_dark/therightleg2"},{"predicate":{"custom_model_data":66},"model":"modelengine:brownaliveshroom/head"},{"predicate":{"custom_model_data":67},"model":"modelengine:brownaliveshroom/thebody"},{"predicate":{"custom_model_data":68},"model":"modelengine:brownaliveshroom/therightarm"},{"predicate":{"custom_model_data":69},"model":"modelengine:brownaliveshroom/theleftarm"},{"predicate":{"custom_model_data":70},"model":"modelengine:brownaliveshroom/theleftleg"},{"predicate":{"custom_model_data":71},"model":"modelengine:brownaliveshroom/therightleg"},{"predicate":{"custom_model_data":72},"model":"modelengine:redaliveshroom/head"},{"predicate":{"custom_model_data":73},"model":"modelengine:redaliveshroom/thebody"},{"predicate":{"custom_model_data":74},"model":"modelengine:redaliveshroom/theleftleg"},{"predicate":{"custom_model_data":75},"model":"modelengine:redaliveshroom/therightleg"},{"predicate":{"custom_model_data":76},"model":"modelengine:capybara_rare_white/therightthigh"},{"predicate":{"custom_model_data":77},"model":"modelengine:capybara_rare_white/theupperleftleg"},{"predicate":{"custom_model_data":78},"model":"modelengine:capybara_rare_white/head"},{"predicate":{"custom_model_data":79},"model":"modelengine:capybara_rare_white/theupperrightleg"},{"predicate":{"custom_model_data":80},"model":"modelengine:capybara_rare_white/theleftleg"},{"predicate":{"custom_model_data":81},"model":"modelengine:capybara_rare_white/therightleg"},{"predicate":{"custom_model_data":82},"model":"modelengine:capybara_rare_white/theleftleg2"},{"predicate":{"custom_model_data":83},"model":"modelengine:capybara_rare_white/thefrontbody"},{"predicate":{"custom_model_data":84},"model":"modelengine:capybara_rare_white/thebackbody"},{"predicate":{"custom_model_data":85},"model":"modelengine:capybara_rare_white/therightleg2"},{"predicate":{"custom_model_data":86},"model":"modelengine:capybara/theleftthigh"},{"predicate":{"custom_model_data":87},"model":"modelengine:capybara/theneck"},{"predicate":{"custom_model_data":88},"model":"modelengine:capybara/therightthigh"},{"predicate":{"custom_model_data":89},"model":"modelengine:capybara/theupperleftleg"},{"predicate":{"custom_model_data":90},"model":"modelengine:ninja_skeleton/leftleg1"},{"predicate":{"custom_model_data":91},"model":"modelengine:ninja_skeleton/rightleg1"},{"predicate":{"custom_model_data":92},"model":"modelengine:ninja_skeleton/tail3"},{"predicate":{"custom_model_data":93},"model":"modelengine:ninja_skeleton/rightarm"},{"predicate":{"custom_model_data":94},"model":"modelengine:ninja_skeleton/leftarm"},{"predicate":{"custom_model_data":95},"model":"modelengine:ninja_skeleton/tail1"},{"predicate":{"custom_model_data":96},"model":"modelengine:ninja_skeleton/tail4"},{"predicate":{"custom_model_data":97},"model":"modelengine:swamp_ent/head"},{"predicate":{"custom_model_data":98},"model":"modelengine:swamp_ent/thelowerleftleg"},{"predicate":{"custom_model_data":101},"model":"modelengine:ninja_skeleton/rightarm1"},{"predicate":{"custom_model_data":102},"model":"modelengine:ninja_skeleton/leftarm1"},{"predicate":{"custom_model_data":103},"model":"modelengine:ninja_skeleton/tail2"},{"predicate":{"custom_model_data":104},"model":"modelengine:ninja_skeleton/sword"},{"predicate":{"custom_model_data":125},"model":"modelengine:capybara_rare_dark/theleftthigh"},{"predicate":{"custom_model_data":126},"model":"modelengine:capybara_rare_dark/theneck"},{"predicate":{"custom_model_data":127},"model":"modelengine:capybara_rare_dark/therightthigh"},{"predicate":{"custom_model_data":128},"model":"modelengine:capybara_rare_dark/theupperleftleg"},{"predicate":{"custom_model_data":129},"model":"modelengine:capybara/head"},{"predicate":{"custom_model_data":130},"model":"modelengine:capybara/theupperrightleg"},{"predicate":{"custom_model_data":131},"model":"modelengine:capybara/theleftleg"},{"predicate":{"custom_model_data":132},"model":"modelengine:capybara/therightleg"},{"predicate":{"custom_model_data":133},"model":"modelengine:capybara/theleftleg2"},{"predicate":{"custom_model_data":134},"model":"modelengine:capybara/thefrontbody"},{"predicate":{"custom_model_data":135},"model":"modelengine:capybara/thebackbody"},{"predicate":{"custom_model_data":136},"model":"modelengine:capybara/therightleg2"},{"predicate":{"custom_model_data":137},"model":"modelengine:swamp_ent/theleftleg"},{"predicate":{"custom_model_data":138},"model":"modelengine:swamp_ent/therightleg"},{"predicate":{"custom_model_data":139},"model":"modelengine:swamp_ent/thebody"},{"predicate":{"custom_model_data":140},"model":"modelengine:swamp_ent/thelowerbody"}],"parent":"minecraft:item/generated","textures":{"layer0":"minecraft:item/leather_horse_armor"}}