{
  "overrides": [
    {
      "predicate": { "custom_model_data": 1104 },
      "model": "modelengine:ender_chicken/left_leg"
    },
    {
      "predicate": { "custom_model_data": 1105 },
      "model": "modelengine:ender_chicken/right_leg"
    },
    {
      "predicate": { "custom_model_data": 1106 },
      "model": "modelengine:ender_chicken/head"
    },
    {
      "predicate": { "custom_model_data": 1107 },
      "model": "modelengine:ender_chicken/right_arm"
    },
    {
      "predicate": { "custom_model_data": 1108 },
      "model": "modelengine:ender_chicken/left_arm"
    },
    {
      "predicate": { "custom_model_data": 1109 },
      "model": "modelengine:ender_chicken/body"
    },
    {
      "predicate": { "custom_model_data": 1133 },
      "model": "modelengine:ghastling/root"
    },
    {
      "predicate": { "custom_model_data": 1134 },
      "model": "modelengine:ghastling/leg1"
    },
    {
      "predicate": { "custom_model_data": 1135 },
      "model": "modelengine:ghastling/leg4"
    },
    {
      "predicate": { "custom_model_data": 1136 },
      "model": "modelengine:ghastling/leg5"
    },
    {
      "predicate": { "custom_model_data": 1137 },
      "model": "modelengine:ghastling/leg2"
    },
    {
      "predicate": { "custom_model_data": 1138 },
      "model": "modelengine:ghastling/leg3"
    },
    {
      "predicate": { "custom_model_data": 1139 },
      "model": "modelengine:ghastling/leg8"
    },
    {
      "predicate": { "custom_model_data": 1140 },
      "model": "modelengine:ghastling/leg9"
    },
    {
      "predicate": { "custom_model_data": 1141 },
      "model": "modelengine:ghastling/leg6"
    },
    {
      "predicate": { "custom_model_data": 1142 },
      "model": "modelengine:ghastling/leg7"
    },
    {
      "predicate": { "custom_model_data": 1161 },
      "model": "modelengine:gruntilda/rightleg"
    },
    {
      "predicate": { "custom_model_data": 1162 },
      "model": "modelengine:gruntilda/leftleg"
    },
    {
      "predicate": { "custom_model_data": 1163 },
      "model": "modelengine:gruntilda/body_up"
    },
    {
      "predicate": { "custom_model_data": 1164 },
      "model": "modelengine:gruntilda/head"
    },
    {
      "predicate": { "custom_model_data": 1165 },
      "model": "modelengine:gruntilda/hem"
    },
    {
      "predicate": { "custom_model_data": 1166 },
      "model": "modelengine:gruntilda/potion"
    },
    {
      "predicate": { "custom_model_data": 1167 },
      "model": "modelengine:gruntilda/potion3"
    },
    {
      "predicate": { "custom_model_data": 1168 },
      "model": "modelengine:gruntilda/potion2"
    },
    {
      "predicate": { "custom_model_data": 1169 },
      "model": "modelengine:gruntilda/arms"
    },
    {
      "predicate": { "custom_model_data": 1170 },
      "model": "modelengine:gruntilda/nose"
    },
    {
      "predicate": { "custom_model_data": 1171 },
      "model": "modelengine:gruntilda/helmet"
    },
    {
      "predicate": { "custom_model_data": 1172 },
      "model": "modelengine:gruntilda/hat"
    },
    {
      "predicate": { "custom_model_data": 1173 },
      "model": "modelengine:gruntilda/eyes"
    },
    {
      "predicate": { "custom_model_data": 1174 },
      "model": "modelengine:happy_ghast/root"
    },
    {
      "predicate": { "custom_model_data": 1175 },
      "model": "modelengine:happy_ghast/leg1"
    },
    {
      "predicate": { "custom_model_data": 1176 },
      "model": "modelengine:happy_ghast/leg4"
    },
    {
      "predicate": { "custom_model_data": 1177 },
      "model": "modelengine:happy_ghast/leg5"
    },
    {
      "predicate": { "custom_model_data": 1178 },
      "model": "modelengine:happy_ghast/leg2"
    },
    {
      "predicate": { "custom_model_data": 1179 },
      "model": "modelengine:happy_ghast/leg3"
    },
    {
      "predicate": { "custom_model_data": 1180 },
      "model": "modelengine:happy_ghast/harness"
    },
    {
      "predicate": { "custom_model_data": 1181 },
      "model": "modelengine:happy_ghast/leg8"
    },
    {
      "predicate": { "custom_model_data": 1182 },
      "model": "modelengine:happy_ghast/leg9"
    },
    {
      "predicate": { "custom_model_data": 1183 },
      "model": "modelengine:happy_ghast/leg6"
    },
    {
      "predicate": { "custom_model_data": 1184 },
      "model": "modelengine:happy_ghast/leg7"
    },
    {
      "predicate": { "custom_model_data": 1185 },
      "model": "modelengine:happy_ghast/goggles"
    },
    {
      "predicate": { "custom_model_data": 1186 },
      "model": "modelengine:kim_the_transmuter/rightleg"
    },
    {
      "predicate": { "custom_model_data": 1187 },
      "model": "modelengine:kim_the_transmuter/leftleg"
    },
    {
      "predicate": { "custom_model_data": 1188 },
      "model": "modelengine:kim_the_transmuter/body_up"
    },
    {
      "predicate": { "custom_model_data": 1189 },
      "model": "modelengine:kim_the_transmuter/head"
    },
    {
      "predicate": { "custom_model_data": 1190 },
      "model": "modelengine:kim_the_transmuter/arms"
    },
    {
      "predicate": { "custom_model_data": 1191 },
      "model": "modelengine:kim_the_transmuter/nose"
    },
    {
      "predicate": { "custom_model_data": 1192 },
      "model": "modelengine:kim_the_transmuter/hair"
    },
    {
      "predicate": { "custom_model_data": 1193 },
      "model": "modelengine:kim_the_transmuter/helmet"
    },
    {
      "predicate": { "custom_model_data": 1194 },
      "model": "modelengine:kim_the_transmuter/bone"
    },
    {
      "predicate": { "custom_model_data": 1701 },
      "model": "modelengine:villager_wand_beam/big_ring"
    },
    {
      "predicate": { "custom_model_data": 1702 },
      "model": "modelengine:villager_wand_beam/bone2"
    },
    {
      "predicate": { "custom_model_data": 1703 },
      "model": "modelengine:villager_wand_beam/mid"
    },
    {
      "predicate": { "custom_model_data": 1704 },
      "model": "modelengine:villager_wand_beam/1"
    },
    {
      "predicate": { "custom_model_data": 1705 },
      "model": "modelengine:villager_wand_beam/2"
    },
    {
      "predicate": { "custom_model_data": 1706 },
      "model": "modelengine:villager_wand_beam/3"
    },
    {
      "predicate": { "custom_model_data": 1707 },
      "model": "modelengine:villager_wand_beam/4"
    }
  ],
  "parent": "item/generated",
  "textures": {
    "layer0": "item/tipped_arrow_head",
    "layer1": "item/tipped_arrow_base"
  }
}
