{
    "model": {
        "type": "minecraft:range_dispatch",
        "property": "minecraft:custom_model_data",
        "index": 0,
        "fallback": {
            "type": "minecraft:model",
            "model": "minecraft:item/barrier"
        },
        "entries": [
            {
                "model": {
                    "type": "minecraft:model",
                    "model": "minecraft:item/xp3e"
                },
                "threshold": 1302001
            },
            {
                "model": {
                    "type": "minecraft:model",
                    "model": "minecraft:item/xp3"
                },
                "threshold": 1302002
            },
            {
                "model": {
                    "type": "minecraft:model",
                    "model": "minecraft:item/xp10e"
                },
                "threshold": 1302003
            },
            {
                "model": {
                    "type": "minecraft:model",
                    "model": "minecraft:item/xp10"
                },
                "threshold": 1302004
            },
            {
                "model": {
                    "type": "minecraft:model",
                    "model": "minecraft:item/xp30e"
                },
                "threshold": 1302005
            },
            {
                "model": {
                    "type": "minecraft:model",
                    "model": "minecraft:item/xp30"
                },
                "threshold": 1302006
            },
            {
                "model": {
                    "type": "minecraft:model",
                    "model": "minecraft:item/xp50e"
                },
                "threshold": 1302007
            },
            {
                "model": {
                    "type": "minecraft:model",
                    "model": "minecraft:item/xp50"
                },
                "threshold": 1302008
            },
            {
                "model": {
                    "type": "minecraft:model",
                    "model": "minecraft:item/xpinfe"
                },
                "threshold": 1302009
            },
            {
                "model": {
                    "type": "minecraft:model",
                    "model": "minecraft:item/xpinf"
                },
                "threshold": 1302010
            }
        ]
    }
}