{
	"providers": [
		{
			"type": "bitmap",
			"file": "minecraft:font/logo.png",
			"ascent": 50,
			"height": 50,
			"chars": ["\u00C5"]
		},
		{
			"type": "bitmap",
			"file": "minecraft:font/chmonya_prefix.png",
			"ascent": 8,
			"height": 9,
			"chars": ["\uD83E\uDDE1"]
		},
		{
			"type": "bitmap",
			"file": "minecraft:font/sus_prefix.png",
			"ascent": 7,
			"height": 8,
			"chars": ["\uD83D\uDC9A"]
		},
		{
			"type": "bitmap",
			"file": "minecraft:font/uwu_prefix.png",
			"ascent": 7,
			"height": 8,
			"chars": ["\uD83D\uDC99"]
		},
		{
			"type": "bitmap",
			"file": "minecraft:font/player_prefix.png",
			"ascent": 7,
			"height": 8,
			"chars": ["\uD83E\uDDD1"]
		},
		{
			"type": "bitmap",
			"file": "minecraft:font/content_prefix.png",
			"ascent": 8,
			"height": 10,
			"chars": ["\uD83C\uDFA5"]
		},
		{
			"type": "bitmap",
			"file": "minecraft:font/sponsor_prefix.png",
			"ascent": 8,
			"height": 10,
			"chars": ["\uD83D\uDC8E"]
		},
		{
			"type": "bitmap",
			"file": "minecraft:font/ml.admin_prefix.png",
			"ascent": 8,
			"height": 10,
			"chars": ["\uD83D\uDE10"]
		},
		{
			"type": "bitmap",
			"file": "minecraft:font/admin_prefix.png",
			"ascent": 7,
			"height": 8,
			"chars": ["\uD83D\uDE09"]
		},
		{
			"type": "bitmap",
			"file": "minecraft:font/owner_prefix.png",
			"ascent": 7,
			"height": 8,
			"chars": ["\uD83C\uDF1F"]
		},
		{
			"type": "bitmap",
			"file": "minecraft:font/bag_prefix.png",
			"ascent": 7,
			"height": 8,
			"chars": ["\uD83D\uDE2C"]
		},
		{
			"type": "bitmap",
			"file": "minecraft:font/god_prefix.png",
			"ascent": 7,
			"height": 8,
			"chars": ["\uD83E\uDD75"]
		},
		{
			"type": "bitmap",
			"file": "minecraft:font/herobrine_prefix.png",
			"ascent": 9,
			"height": 12,
			"chars": ["\uD83E\uDD16"]
		},
		{
			"type": "bitmap",
			"file": "minecraft:font/goyda_prefix.png",
			"ascent": 7,
			"height": 8,
			"chars": ["\uD83D\uDE3D"]
		},
		{
			"type": "bitmap",
			"file": "minecraft:font/notch_prefix.png",
			"ascent": 7,
			"height": 8,
			"chars": ["\uD83D\uDE08"]
		},
		{
			"type": "bitmap",
			"file": "minecraft:font/sosal_prefix.png",
			"ascent": 7,
			"height": 8,
			"chars": ["\uD83D\uDE28"]
		},
		{
			"type": "bitmap",
			"file": "minecraft:font/g_chat.png",
			"ascent": 8,
			"height": 8,
			"chars": ["\ud83d\udc7d"]
		},
		{
			"type": "bitmap",
			"file": "minecraft:font/l_chat.png",
			"ascent": 8,
			"height": 8,
			"chars": ["\ud83d\udc7b"]
		},
		{
			"type": "bitmap",
			"file": "minecraft:font/builder_prefix.png",
			"ascent": 8,
			"height": 9,
			"chars": ["\ud83d\ude36"]
		}
	]
}